,N,MSE,k,"Objective, Pa^2",AIC
0,31.0,0.41478786897024833,1.0,12.858423938077697,-25.27962950491444
