,N,MSE,k,"Objective, Pa^2",AIC
0,31.0,0.018155742797152576,1.0,0.5628280267117298,-122.27181918359024
