,N,MSE,k,"Objective, Pa^2",AIC
0,31.0,0.008581417858162169,2.0,0.2660239536030272,-143.50283995562307
