,N,MSE,k,"Objective, Pa^2",AIC
0,31.0,0.0023570862621873235,8.0,7.306967412780702,-171.56020077940914
