,N,MSE,k,"Objective, Pa^2",AIC
0,31.0,0.004339133604606031,4.0,0.13451314174278697,-160.64249801328492
