,N,MSE,k,"Objective, Pa^2",AIC
0,31.0,0.006355684067388534,3.0,0.19702620608904456,-150.8105778700557
