,N,MSE,k,"Objective, Pa^2",AIC
0,31.0,0.002642376309008638,6.0,8.191366557926777,-172.01837613876577
