,N,MSE,k,"Objective, Pa^2",AIC
0,31.0,0.008297016255282223,3.0,0.2572075039137489,-142.54763879990708
