,N,MSE,k,"Objective, Pa^2",AIC
0,31.0,0.00657982360254309,3.0,0.2039745316788358,-149.73616760598057
