,N,MSE,k,"Objective, Pa^2",AIC
0,31.0,0.02314281828077427,1.0,0.7174273667040024,-114.74819393300066
