,N,MSE,k,"Objective, Pa^2",AIC
0,31.0,0.0026783182831155066,6.0,8.302786677658071,-171.5995518194451
