,N,MSE,k,"Objective, Pa^2",AIC
0,31.0,0.0022741118577097384,8.0,7.04974675890019,-172.67113654554566
