,N,MSE,k,"Objective, Pa^2",AIC
0,31.0,0.011077588900763593,2.0,0.3434052559236714,-135.5877681169006
