,N,MSE,k,"Objective, Pa^2",AIC
0,31.0,0.01157831213451766,3.0,0.35892767617004745,-132.21726880674038
