,N,MSE,k,"Objective, Pa^2",AIC
0,31.0,0.004515858401695279,4.0,0.13999161045255365,-159.40495962776677
