,N,MSE,k,"Objective, Pa^2",AIC
0,31.0,0.7033373614852741,1.0,21.803458206043498,-8.909477032954912
