,N,MSE,k,"Objective, Pa^2",AIC
0,32.0,0.0036672370372435774,4.0,0.11735158519179448,-171.46613604280034
