,N,MSE,k,"Objective, Pa^2",AIC
0,32.0,0.003536645917624596,6.0,11.317266936398706,-168.62644742007078
