,N,MSE,k,"Objective, Pa^2",AIC
0,32.0,0.0034328513658773638,8.0,10.985124370807563,-165.57964995645963
