,N,MSE,k,"Objective, Pa^2",AIC
0,32.0,0.009221595617030134,1.0,0.2950910597449643,-147.95863027108624
