,N,MSE,k,"Objective, Pa^2",AIC
0,32.0,0.005817020488685794,2.0,0.1861446556379454,-160.70294693924467
