,N,MSE,k,"Objective, Pa^2",AIC
0,32.0,0.0036754047728747128,3.0,0.11761295273199081,-173.394944323319
