,N,MSE,k,"Objective, Pa^2",AIC
0,32.0,0.005298516827565634,3.0,0.16955253848210028,-161.6905069261824
