,N,MSE,k,"Objective, Pa^2",AIC
0,32.0,0.0034289691930394686,8.0,10.972701417726299,-165.61585887302945
