,N,MSE,k,"Objective, Pa^2",AIC
0,32.0,0.004161195760561273,2.0,0.13315826433796074,-171.4224897142405
