,N,MSE,k,"Objective, Pa^2",AIC
0,32.0,0.003704799114216778,4.0,0.11855357165493689,-171.1400397404307
