,N,MSE,k,"Objective, Pa^2",AIC
0,32.0,0.004034539247640183,3.0,0.12910525592448585,-170.41162152694514
