,N,MSE,k,"Objective, Pa^2",AIC
0,32.0,0.01163468017034224,1.0,0.3723097654509517,-140.5204790780234
