,N,MSE,k,"Objective, Pa^2",AIC
0,32.0,0.0035310523620691353,6.0,11.299367558621233,-168.6770986527812
