,N,MSE,k,"Objective, Pa^2",AIC
0,32.0,0.2500575540207494,1.0,8.001841728663981,-42.35405348904157
