,N,MSE,k,"Objective, Pa^2",AIC
0,32.0,0.003704899462222831,3.0,0.11855678279113059,-173.1391730017474
