temperature,pressure,x_R32,x_R125,x_IL,y_R32,y_R125,y_IL
298.15,250000,0.179520014,0.00001,0.820456614,0.99999,0.00001,0.00001
298.15,250000,0.139435791,0.016213227,0.844350981,0.74999,0.25,0.00001
298.15,250000,0.097365706,0.032443168,0.870191125,0.49999,0.5,0.00001
298.15,250000,0.05032534,0.051057995,0.898616665,0.24999,0.75,0.00001
298.15,250000,0.00001,0.07199,0.93,0.00001,0.99999,0.00001
,,,,,,,
,,,,,,,
,,,,,,,
,,,,,,,
,,,,,,,
