,N,MSE,k,"Objective, Pa^2",AIC
0,27.0,0.0013183697498676346,8.0,3.559598324642613,-163.04670227857298
