,N,MSE,k,"Objective, Pa^2",AIC
0,27.0,0.024089459968491968,3.0,0.6504154191492831,-94.60148375607909
