,N,MSE,k,"Objective, Pa^2",AIC
0,27.0,0.1260515972688553,1.0,3.403393126259093,-53.91872675044007
