,N,MSE,k,"Objective, Pa^2",AIC
0,27.0,0.958662820538438,1.0,25.883896154537826,0.8601717591265798
