,N,MSE,k,"Objective, Pa^2",AIC
0,27.0,0.001383289553813918,6.0,3.7348817952975777,-165.7488538073527
