,N,MSE,k,"Objective, Pa^2",AIC
0,27.0,0.0016699296262113136,4.0,0.045088099907705466,-164.66429242273455
