,N,MSE,k,"Objective, Pa^2",AIC
0,27.0,0.03288138978645316,1.0,0.8877975242342354,-90.20090791356111
