,N,MSE,k,"Objective, Pa^2",AIC
0,27.0,0.024172730749729903,2.0,0.6526637302427074,-96.50831296167442
