,N,MSE,k,"Objective, Pa^2",AIC
0,27.0,0.007644390881018618,3.0,0.2063985537875027,-125.59214419267173
