,N,MSE,k,"Objective, Pa^2",AIC
0,27.0,0.0014192895598144478,6.0,3.8320818114990094,-165.05516874900107
