,N,MSE,k,"Objective, Pa^2",AIC
0,27.0,0.0013543478841900392,8.0,3.6567392873131057,-162.31975058297016
