,N,MSE,k,"Objective, Pa^2",AIC
0,27.0,0.0079296803453574,3.0,0.21410136932464982,-124.60284894953878
