,N,MSE,k,"Objective, Pa^2",AIC
0,27.0,0.0017612382270700594,4.0,0.0475534321308916,-163.22693083815722
