,N,MSE,k,"Objective, Pa^2",AIC
0,27.0,1.1411128419525745,1.0,30.81004673271951,5.564107011981343
