,N,MSE,k,"Objective, Pa^2",AIC
0,27.0,0.02987423257707759,2.0,0.8066042795810949,-90.79049183513806
