,N,MSE,k,"Objective, Pa^2",AIC
0,27.0,0.02953134954049534,3.0,0.7973464375933742,-89.10217785747976
