,N,MSE,k,"Objective, Pa^2",AIC
0,27.0,0.13932199938837236,1.0,3.761693983486054,-51.21612202849069
