temperature,pressure,x_R32,x_R125,x_IL,y_R32,y_R125,y_IL
298.15,250000,0.162225144,0.015639149,0.822135707,0.75,0.25,0.00001
298.15,250000,0.11537989,0.032723178,0.851896931,0.5,0.5,0.00001
298.15,250000,0.067126175,0.050982947,0.881890878,0.25,0.75,0.00001
298.15,100000,0.069205964,0.005937313,0.924856723,0.75,0.25,0.00001
298.15,100000,0.046358423,0.012942986,0.940698591,0.5,0.5,0.00001
298.15,100000,0.023460532,0.020060862,0.956478605,0.25,0.75,0.00001
