,n,"Objective, Pa^2",AIC
0,3.0,0.8512608060821462,10.734684151535628
