,n,"Objective, Pa^2",AIC
0,1.0,3.4033931264625576,6.062649978753455
