,n,"Objective, Pa^2",AIC
0,4.0,0.04508809645739334,1.409782805341525
