,n,"Objective, Pa^2",AIC
0,6.0,0.043863617263924314,-0.48331481552472155
