,n,"Objective, Pa^2",AIC
0,4.0,0.04508810849820648,1.4097838735446615
