,n,"Objective, Pa^2",AIC
0,6.0,0.04386361726395498,-0.48331481552052935
