,n,"Objective, Pa^2",AIC
0,2.0,5.276421842031269,11.615956144808482
