,n,"Objective, Pa^2",AIC
0,8.0,0.037780970832518496,-4.140113564105377
