,n,"Objective, Pa^2",AIC
0,1.0,34.954247259120685,8.391917051571852
