,n,"Objective, Pa^2",AIC
0,3.0,0.20639879983147222,6.483959152738803
