,n,"Objective, Pa^2",AIC
0,8.0,0.20827650692878422,9.516374422929715
