,n,"Objective, Pa^2",AIC
0,2.0,11.445205140482908,13.164601526239526
