,n,"Objective, Pa^2",AIC
0,3.0,5.053848536867753,16.07824445188949
