,n,"Objective, Pa^2",AIC
0,1.0,0.8877977974235233,4.71886579888638
