,n,"Objective, Pa^2",AIC
0,1.0,0.8877977974234836,4.718865798886336
