,n,"Objective, Pa^2",AIC
0,3.0,0.20639855231407989,6.483955555079211
