,n,"Objective, Pa^2",AIC
0,1.0,14.491764053949836,7.511457558185557
