,n,"Objective, Pa^2",AIC
0,1.0,34.954247828830034,8.391917067870567
