,n,"Objective, Pa^2",AIC
0,3.0,0.21410136866921103,6.593877260992787
