,n,"Objective, Pa^2",AIC
0,8.0,0.0385147825914595,-3.9862209859155584
