,n,"Objective, Pa^2",AIC
0,8.0,0.03883652624356506,-3.9196684194447684
