,n,"Objective, Pa^2",AIC
0,4.0,0.04797498815992213,1.6580288856168863
