,n,"Objective, Pa^2",AIC
0,3.0,0.21410161381607087,6.5938806960019285
