,n,"Objective, Pa^2",AIC
0,4.0,4.271033090585083,19.613753779423416
