,n,"Objective, Pa^2",AIC
0,1.0,45.25470390699907,8.6501836848983
