,n,"Objective, Pa^2",AIC
0,2.0,15.138885613713967,13.723993051429362
