,n,"Objective, Pa^2",AIC
0,1.0,45.25470324069242,8.650183670174822
