,n,"Objective, Pa^2",AIC
0,3.0,6.322150957342195,16.749972808045904
