,n,"Objective, Pa^2",AIC
0,1.0,3.761693985613766,6.162746450442608
