,n,"Objective, Pa^2",AIC
0,6.0,0.03832084741904125,-1.293861688002579
