,n,"Objective, Pa^2",AIC
0,3.0,0.839709690948689,10.693697174542411
