,n,"Objective, Pa^2",AIC
0,6.0,0.03832084741902175,-1.2938616880056344
