,n,"Objective, Pa^2",AIC
0,1.0,26.75343255853457,8.124539851464279
