,n,"Objective, Pa^2",AIC
0,2.0,17.658413688520643,14.031884503757231
