,n,"Objective, Pa^2",AIC
0,3.0,0.3635044950867888,8.181903485346538
