,n,"Objective, Pa^2",AIC
0,3.0,0.27927944245647135,7.391167095580501
