,n,"Objective, Pa^2",AIC
0,6.0,0.11317267723901851,5.203662526128111
