,n,"Objective, Pa^2",AIC
0,1.0,0.2950910597755095,3.617405773341138
