,n,"Objective, Pa^2",AIC
0,4.0,0.11735158452753446,5.236007404364974
