,n,"Objective, Pa^2",AIC
0,1.0,7.508880576004126,6.853963463286108
