,n,"Objective, Pa^2",AIC
0,2.0,30.602440219348665,15.131619274717124
