,n,"Objective, Pa^2",AIC
0,1.0,23.978113435691057,8.015018540507333
