,n,"Objective, Pa^2",AIC
0,3.0,0.11855678279268714,4.820704572748456
