,n,"Objective, Pa^2",AIC
0,2.0,0.13315826434076808,4.257025970200387
