,n,"Objective, Pa^2",AIC
0,3.0,0.12910525594134523,5.076412523863538
