,n,"Objective, Pa^2",AIC
0,4.0,0.11855357165981009,5.276769464967309
