,n,"Objective, Pa^2",AIC
0,6.0,0.11299368734301622,5.1941656267796095
