,n,"Objective, Pa^2",AIC
0,1.0,0.3723097654511801,3.8498479980214535
