,n,"Objective, Pa^2",AIC
0,6.0,0.08191387573758713,3.2641843057985707
