,n,"Objective, Pa^2",AIC
0,2.0,10.654327798769483,13.021392123084283
