,n,"Objective, Pa^2",AIC
0,3.0,0.4994820393016747,9.135243416541662
