,n,"Objective, Pa^2",AIC
0,4.0,0.17627581649146642,6.863509335281524
