,n,"Objective, Pa^2",AIC
0,3.0,0.19702653839312634,6.344543793238848
