,n,"Objective, Pa^2",AIC
0,3.0,0.2039748669261284,6.448518851012697
