,n,"Objective, Pa^2",AIC
0,6.0,0.08302787336815094,3.3452321599935058
