,n,"Objective, Pa^2",AIC
0,3.0,2.367980535242491,13.803906824444168
