,n,"Objective, Pa^2",AIC
0,2.0,19.505800771525653,14.230883565289805
