,n,"Objective, Pa^2",AIC
0,4.0,0.17932463917605984,6.932100864779541
