,n,"Objective, Pa^2",AIC
0,1.0,21.981676643666745,7.928086292897216
