temperature,pressure,x_R32,x_R125,x_IL,y_R32,y_R125,y_IL
298.15,250000,0.18571163,0.01790334,0.79638503,0.75,0.25,0.00001
298.15,250000,0.125550724,0.035607754,0.838841522,0.5,0.5,0.00001
298.15,250000,0.06948201,0.052772226,0.877745764,0.25,0.75,0.00001
298.15,100000,0.073204768,0.006280378,0.920514854,0.75,0.25,0.00001
298.15,100000,0.047941166,0.013384878,0.938673956,0.5,0.5,0.00001
298.15,100000,0.02372903,0.020290452,0.955980518,0.25,0.75,0.00001
